,category_A,category_B,category_C,category_D
0,0.003143688411906921,0.03499091695548291,0.23353846776310225,0.728326926869508
1,0.297947020936744,0.0744621482563897,0.03895842430297657,0.9610415756970233
2,2.543980537935735e-06,0.0025983449820302885,0.9140727914998341,0.0833263195375977
3,0.9995950371985557,5.2493818154507923e-08,0.0004006843834819392,4.2259241441558955e-06
4,0.0037693000938439844,0.1347168753486923,0.8487492131457315,0.012764611411732274
5,0.4361228062301456,0.06394604238983981,0.16068007492079722,0.3392510764592175
6,0.22930747316466987,0.036305839974084486,0.7306643666812624,0.0037223201799832023
7,1.2193390895398073e-06,0.5696938189079929,1.1471910672846204e-07,0.4303048470338109
8,0.1462240442751217,0.9744817306896902,2.9676123620948834e-05,0.025518269310309687
9,1.0311150280390311e-07,0.9999998968884972,6.781137023675892e-07,0.12566292034637588
10,0.10470551008185257,0.5150976709995955,0.005227104667736664,0.8952944899181474
11,0.9973847710979366,0.0026152289020634997,0.020941204778760953,0.005428280171954502
12,0.0006026040520542598,0.580142827888497,0.2271918285647822,0.19206273949466662
13,0.06309553503822504,0.586876022081099,0.9369044649617749,0.03070385334961981
14,0.21111597170683674,0.1026378747116208,0.33151394935760736,0.6862461535815425
15,0.006644496329042695,0.5469523658224001,0.015668255778843215,0.4373793783987567
16,0.32725830549522344,0.29086266981833375,0.10246941330940701,0.2794096113770358
17,0.4407518543968845,0.14538767211313944,0.41386047348997596,0.3434196083457889
18,0.06816306959915702,0.14321892470977807,0.39650313759019185,0.6034968624098082
19,0.9911812202600409,0.19136730270373853,0.0013457045883118889,0.8072869927079497
20,0.7515367856059849,0.24846321439401506,0.005259552242416513,0.07631713171602858
21,0.04576700216843014,0.8031186300559866,0.00027786873034544923,0.9997221312696546
22,0.6855635958531896,0.3144364041468103,0.27173659816836765,0.20971018544547956
23,0.6483567611274599,0.0013989442976791216,0.3502442945748609,0.8226392757833584
24,0.019019892833641965,0.0030067242985708387,0.9735179410501505,0.02347533465127863
25,0.9893735620891824,2.7373714910643278e-06,5.362771837000578e-10,0.010623700003049486
26,0.06580470523696542,0.008696758540118713,0.925491486617675,7.049605240903595e-06
27,0.0005548858362982271,0.0024400605814185535,0.046717107468459355,0.9508428319501221
28,0.5123884759718171,0.3136612111765062,0.6863091776584797,2.9611165014136654e-05
29,0.0674867062118137,0.4420620451942316,0.732758418656087,0.19975487513209927
30,1.63030121863499e-06,8.011209965900226e-11,0.9999983696987813,0.9565325588661713
31,0.23287449933550103,0.004916730231061712,0.6758409584382719,0.08636781199516547
32,0.43230259947350996,0.1104466499381192,0.17215289415927632,0.8278471058407237
33,0.049044568024804634,0.10163161916119341,0.736654692524876,0.11266912028912598
34,0.13917616314305795,0.08110977888015701,0.11588390311107463,0.6638301548657104
35,0.027351721657006233,0.662653513745514,0.9477665266845295,0.05223347331547047
36,0.32720474345520084,0.2151087036424715,0.3581934591024741,0.6727952565447992
37,0.2447627795960585,0.05611238548595993,0.16983691428927197,0.5292879206287096
38,0.4918434183177498,0.9970361820592338,0.36160429458069304,0.00296381794076617
39,0.25073281858783963,0.33033192583955884,0.3388004477563265,0.7492671814121603
40,0.8143989065610657,0.08416162786773171,0.12862971885696523,0.05697137458196903
41,0.5283926281946627,0.14330841511746578,0.3282989566878715,0.26112131055738413
42,0.3580481693956222,0.23685963479670635,0.6061264894090495,0.3938735105909506
43,0.7674850988758722,1.2323586299060964e-08,0.02603873284241069,0.9739612671575893
44,0.9852761431359277,0.0029031454978863617,0.0008365200876175298,0.010984191278568391
45,0.020781075783124308,0.6384140393355898,0.3408048848812859,0.4381159895772269
46,0.13772595491650091,0.07116123035619959,0.4738075971086136,0.3173052176186859
47,0.8700906233172243,0.11542967453762815,0.014479702145147506,0.0920516014490399
48,0.7601413551697548,0.003209572236340051,2.463645971998632e-19,0.23664907259390522
49,0.23546725886090952,0.3304290042810288,0.2593644961418962,0.1747392407161656
50,0.011575027281493755,0.6907912542360519,0.13443256446586113,0.16320115401659335
51,0.23314093274232278,0.15712968136547714,0.6423955158445593,0.12446355141311795
52,0.33853068899547123,0.38652882310736364,0.01769728791369291,0.27494048789716513
53,0.6494156357235239,3.247638311823724e-09,0.3505843610288377,0.3992818193758427
54,0.9232999909746348,0.24699589606195746,0.07670000902536513,0.43312973406867605
55,0.3454767174988089,0.39691388280095613,0.16861823605468126,0.4859050464465098
56,0.05861624427002399,2.2043607742140916e-05,0.8981974905157434,0.043164221606490485
57,0.6858917321599529,0.960856890889348,0.039143109110651976,0.0001792519294129939
58,0.21971129894979313,0.5388216736222824,0.1768306386381373,0.06463638878978711
59,0.11060049985750363,0.7147481976744606,0.2852518023255395,0.05074626107454472
60,0.0022392522273586776,0.2818021868093225,0.017271429642141473,0.9827285703578585
61,0.6447413754013043,0.0970012309306967,0.8919505943450609,0.35525862459869584
62,0.008932518554453556,0.9910378060667752,2.152889711955073e-05,8.146481651641547e-06
63,0.9751228894106154,0.30678222641865543,0.02123558386253471,0.6932177735813445
64,0.0011764415482185986,0.962740890656547,1.7615942544490727e-07,0.03608249163580891
65,0.5323778327589591,0.3548551954866407,0.07914647205736264,0.11276697175440019
66,0.0075110523131270025,0.6034143320777772,0.39658566792222283,0.14332214429613047
67,0.45027216731221004,0.20488591306146053,0.22217633463708097,0.54972783268779
68,0.5939894267113137,0.31331448426960345,0.0009347734034818781,0.4050757998852043
69,0.4241898635659059,0.00011755885721281436,0.32929126372965395,0.24651887270444023
70,0.06097037873174905,5.117241161281972e-06,0.4505179643254952,0.4885065397015945
71,0.1842967591737443,0.36924523843950807,0.17215619574789945,0.2743018066388481
72,4.203828328062943e-05,0.4927897923921556,0.49625006219570506,0.010918107128858713
73,0.40569804464830833,0.35908079058213355,0.23522116476955815,0.13396991649895643
74,2.164916118606686e-06,8.154793308410123e-12,0.9976272755956581,0.0023705594800685
75,0.39806682421346773,0.6019331757865323,0.3328359460672229,0.211727286557743
76,0.04635445844968466,0.46281330386019315,0.11478392414737752,0.3760483135427447
77,0.04232237727290391,0.0818825419741597,0.8461573088642008,0.029637771888735672
78,0.03104799839522294,0.24034979402860943,0.08981175102631589,0.6387904565498517
79,0.7274782093655232,0.16807453656961832,0.6607630696958604,0.1711623937345214
80,0.5866775597350868,0.42906925697275344,0.1468668881706883,0.266455552094225
81,0.031982177132978434,2.3225731961780123e-05,0.8372047094593118,0.13078988767574792
82,0.22751952547048582,0.4050694133084456,0.5949305866915543,0.18322214416992724
83,0.5815264232848988,0.21138796534310567,0.7886120346568943,0.2748654107773004
84,0.12716226703835115,0.3324259248205912,0.3651170610203445,0.30245701415906423
85,0.13708686189408453,0.0138140084953807,0.7327926484200847,0.2533933430845345
86,0.8862159048704777,0.1137840951295222,0.6331987104205313,0.09788277609321165
87,0.10655497655487853,0.441914645385131,0.12404705454140638,0.32748332351858417
88,0.401580365200821,0.022391528009982505,0.20316968983050832,0.5760281067891966
89,0.4614920934494514,0.06978442486783347,0.12559571408353865,0.41291219246701
90,0.08201215848574954,0.7836964458980563,0.006908610962608266,0.12738278465358585
91,0.10098538696807767,0.056722803632544616,0.19710646150693412,0.9432771963674554
92,0.6013500818903335,0.03286939174375171,0.07932999208804697,0.31931992602161957
93,0.39006619085479044,0.10677761482515986,0.0006693598355783746,0.5024868344844714
94,0.11362715976746991,0.3596575008318482,0.16059652227458726,0.88637284023253
95,0.8308126657644279,0.5898778675288049,0.0018385095918911297,0.16734882464368095
96,0.012409594334238862,0.9875255153082296,6.489035753170158e-05,0.7065156304206062
97,0.6813861597641975,0.291552921817544,0.3892450088586476,0.027060918418258383
98,0.1277404072786777,0.3154236956389512,0.412002663979359,0.27257364038168985
99,0.059524152455706816,0.4985613203001482,0.029271853670082087,0.412642673574063
100,0.0053007833720937255,0.0050820182782777175,0.9896126078537482,4.590495880484626e-06
101,0.1279143728640235,0.63890087541597,0.361098645277129,4.79306900995664e-07
102,0.36392734909132624,0.3882669480382532,0.24780570287042056,0.033891697525165194
103,0.08936860721368749,0.25543006402733587,0.11393623991947653,0.6552013287589766
104,0.6981917900035022,1.483098857258542e-05,0.3018082099964978,2.0673003956667012e-05
105,0.8178694334738428,0.18156976925648774,0.0005607972696695714,0.47113754050913564
106,0.21595112542557643,0.5069853969679282,0.22678278643492086,0.050280691171574673
107,0.002630932479191072,9.065207751500416e-09,0.9999999908098244,1.249678178498597e-10
108,0.004347751904390321,0.45290065737243546,0.3225018783442359,0.22024971237893842
109,0.0001762694730802847,0.09213969575626686,0.005246841563140492,0.9024371932075124
110,0.40876768568651267,0.0346010308380327,0.4407979895697786,0.11583329390567597
111,0.9816065071592257,3.370801798729399e-05,0.004614372305092824,0.013779120535681382
112,0.011418912947395138,0.21435189977307642,0.9678947603423984,0.02068632671020653
113,0.09357245283563902,0.7115905303380595,0.2884094696619406,0.007699712191319656
114,0.44039564739059556,0.43053145658795683,1.6626738397606821e-09,0.12907289435877373
115,0.03374901495283397,0.08370690799261617,0.20062371737684687,0.681920359677703
116,0.9334186272171283,0.030247088096675465,0.03622183575292748,0.0001124489332687316
117,9.788077697316495e-12,0.018739594254673194,0.837743800480891,0.1435166052546478
118,0.3732307891230203,0.6109290020207622,0.01520529846487001,0.0006349103913473597
119,0.26935217842465486,0.696162801352366,0.03448134391604346,3.676306935728003e-06
120,0.2335517274183218,0.45227827840831686,0.032714174776025784,0.2814558193973356
121,0.0044521434571628575,0.5035648897880157,0.49307184489715455,0.0033632653148297394
122,0.2365832801080507,0.7634167198919493,0.5256534622230653,0.4646941385016842
123,0.020111074681215993,0.651392797975572,0.002553268183862111,0.9974467318161379
124,0.8998381537717277,3.6269878545150256e-06,0.05289990074999669,0.04725831849042114
125,0.06197147213436268,0.8827387271923183,0.11726127280766434,1.7370375553236507e-14
126,0.09141346265172225,0.14679264272985695,0.8532073572701431,0.24093893745922446
127,0.019802804009556297,2.0695652128866604e-05,0.07011688638400265,0.9298624179638685
128,0.7306065067938485,0.09217037908505646,0.4620360361401793,0.26939349320615147
129,0.8444048883342316,0.006436648685302641,0.14886045913720525,0.0002980038432605422
130,0.21618078356703005,0.8250728718290772,0.00024503450674938306,0.17492712817092285
131,0.09322135807531162,0.28286210062311723,0.442552234802539,0.18136430649903207
132,0.0002754407786846032,0.000104176437982756,0.6044237056872502,0.39530085353406524
133,0.5434406490751686,0.4509677214611967,0.005591629463634646,0.2039033843662501
134,9.608497133962952e-05,5.56487565612276e-17,0.0616236112926446,0.9383763887073554
135,0.7964334264979731,0.16672748908265683,0.036839084419369984,0.39425860987883543
136,1.2937044338101866e-05,7.975847614110427e-16,0.9999870295492966,3.340636441244876e-08
137,0.11533420867773898,0.23459757696448136,0.0014139850132239829,0.883251806309037
138,0.6656660140114729,0.025177380861309228,0.3343339859885272,0.37725553589935573
139,0.045890588691864395,0.7365370706141525,0.2634629293858475,0.4916466082054134
140,0.1553932568520245,0.23031423434389398,0.3362205508377264,0.27807195796635525
141,0.31771990524367255,0.31920996191236256,0.36307013284396494,0.4835557987166587
142,0.3230576015465264,0.30728441740116974,0.08548174989800182,0.6072338327008285
143,0.002972113625670286,0.042979297203174664,0.949561084406278,0.004487504764877194
144,0.21100076829818068,0.5341810071071027,9.309428354861669e-05,0.46581899289289724
145,0.9411317348666706,0.05680592825619781,0.0020623368771316877,0.005018237178770702
146,0.47194251850791497,0.20072493234144928,0.3273325491506358,0.14021390463074307
147,0.9809568029741437,5.064893676218411e-06,0.01903813213218013,0.5525186320217494
148,0.5562408474747509,0.7680231988552382,0.23197680114476188,0.012930927620204424
149,0.9656474306001327,1.3316530009492966e-08,2.164112023991209e-05,0.034352569399867285
150,0.5429730813302862,0.34765097637492975,0.036623800843208695,0.6157252227818616
151,0.0059634566687006,0.5337438336071351,0.9768655053032632,0.02313449469673682
152,0.049964221421540306,0.009830557018578835,0.9901694429814212,1.1316375865820104e-09
153,0.4426737304390292,0.033493375789967576,0.48060835347627745,0.4858982707337551
154,0.48802903533546393,0.10797986393562892,0.19605234230738527,0.20793875842152187
155,0.00034686250233808934,0.0006425603969798138,1.3096681545761223e-09,0.9990105757910139
156,0.014842724132472913,0.88044678067008,0.11955321932991994,6.2410818032604375e-12
157,0.6321139927495871,0.4637503251964541,0.13327562418500408,0.4029740506185419
158,0.9024214219579579,0.012133616189306093,0.04447234774641879,0.05310623029562325
159,0.4265298206502006,0.06893396407237608,0.3308802709131562,0.173655944364267
160,0.4913422913225302,0.07561029138687349,0.24450024361027978,0.18854717368031668
161,0.9207324098046338,0.28483629250517595,0.715163707494824,0.028188048207539187
162,0.19338295815587578,0.08288198262968324,0.9171180173703168,0.2810602192213238
163,0.3100522551964318,0.011620534701345815,0.570180608182985,0.10814660191923738
164,0.5346447894998406,0.1970867805374009,0.4653552105001594,0.44752694842514956
165,0.9992965632954047,0.00019419500909105121,0.0007034367045953567,0.9998027678976248
166,0.6038325397854454,0.1321464699098829,0.17651344443007866,0.08750754587459306
167,0.9026817146757712,0.018952509474772904,1.149452183125988e-10,0.9999999998850548
168,0.07349428594048445,0.11668567018552212,0.565990421754275,0.24382962211971843
169,0.5663248337405595,0.24870437063686343,0.43367516625944036,0.39146340800711815
170,0.35279514321967925,0.22391981472857164,0.20479746061474394,0.6472048567803208
171,0.11864700091343548,0.8813529990865645,0.09648136897055656,0.3316512304165361
172,0.4168049128336382,0.5831950871663618,0.3502711844082702,0.24440190340359477
173,2.6518823420430813e-08,0.9999999734811765,0.04577362970320973,0.127835952949218
174,0.9999999999905305,9.469496287672108e-12,0.019672990745155074,1.9240599461874742e-13
175,0.058420047471892896,0.032387271642271995,0.9415799525281071,0.5338347681196637
176,0.6666864759529721,0.08572400402023364,0.3333135240470278,0.34243895445900346
177,3.059786804508492e-05,0.26033552590489367,2.6296949692795256e-08,0.7396644740951064
178,0.2562612679846195,0.00025808263854178024,0.7417444666238412,0.001994265391539313
179,0.14621869136770685,0.006374005311938765,0.8537813086322932,0.2267716222303168
180,0.9958946163357493,3.803290476107173e-06,5.751789126010988e-10,0.004101579798595762
181,0.026914217353536572,0.47459874145722525,0.4984870411892382,0.15718855825950448
182,0.958727885928468,0.004396105539738995,0.04127211407153201,0.07184209056176034
183,0.3921848395272912,0.004787580579395955,0.6028780650001415,0.000149514893171388
184,0.9072719735091334,0.04576534964530015,0.046962676845566514,0.1672695681570204
185,0.16588053775088396,0.4799776867082388,0.5200223126962141,5.955469939079588e-10
186,0.5508622308611965,0.36110398405971084,0.5669652750560292,0.07193074088425999
187,0.9999927492052103,0.054183353221069944,1.7820260627926284e-06,7.25079478968657e-06
188,0.13908033117855081,0.8882746065467092,0.5227101693029269,0.11172539345329073
189,0.1400312179925506,0.3418728889670344,0.6581271110329655,0.31989368264341117
190,0.015893168920731074,0.8995574076688745,0.005828196839057321,0.0946143954920682
191,0.34661025809621865,0.19880315148232944,0.8011968485176706,0.18812444929135946
192,0.3317402165877221,0.2231358414816906,0.49973206559824246,0.4451239419305873
193,0.3555903344996619,0.034953585458978434,0.00917017237510954,0.6352394931252285
194,0.02797731409016148,0.419835919115895,0.3672069669125305,0.21295711397157457
195,0.028279323352010794,0.6739991072054295,0.004499159958773531,0.9955008400412264
196,0.007137339724893353,0.7341281659715672,0.18801892342884627,0.07071557087469324
197,0.057195107330685974,0.2825245343782055,1.145351969058096e-06,0.6602792129391395
198,0.051642412363541154,0.9721502341570093,0.8687077775541354,0.07964981008232332
199,0.02721755635691683,0.000616168979315953,0.3217994561330673,0.9727824436430832
200,0.018993922924469164,0.11033786985655047,0.8896621301434495,0.07035378093137291
201,0.028135315783589594,0.5171253591390822,0.03687530456922267,0.44599933629169514
202,0.17118873181508548,0.9999999427684642,3.647762828018732e-11,5.723153589508285e-08
203,0.2131102706539578,0.6062102161536411,0.41172920327911666,0.39378978384635893
204,2.311571397806196e-09,0.5393788932498371,0.704866122067437,0.46062110443859144
205,5.278340162622894e-05,0.6214284927844397,0.3785187238139342,0.7333133897324808
206,0.8688291293785275,0.1283363576707338,0.0014902764240181904,0.0013442365267205192
207,0.42210353745683604,0.45490354560081137,0.45922870792245896,0.08586774647672947
208,0.189133747358951,0.3449084431767768,0.1299005287974016,0.33605728066687046
209,0.06495548700048312,0.15372176195023782,0.2793704295731372,0.501952321476142
210,0.012842491034269729,0.3870207791802293,0.17436167460297405,0.42577505518252684
211,0.1773853548338621,0.8202280355074424,3.1935126577056185e-08,0.0023865777235689872
212,0.0002610614833687743,0.262804687810482,0.12863170815972044,0.6085636040297976
213,0.1766410430774655,0.03769467404787035,0.6164400633254963,0.16922421954916794
214,0.43707216178354924,0.2164171759400261,0.3465106622764247,0.021528069985775684
215,0.06280976920495047,0.0019787927375964527,0.0022174690496224283,0.9329939690078306
216,0.056387447464697434,0.022916860291347867,0.6234134861150152,0.9206956922439548
217,0.02193491636906154,0.17218514773476593,0.40066958317378243,0.42714526909145173
218,0.43578716173126636,0.4013497886692089,0.0791251348155612,0.08373791478396357
219,0.9404529924697901,0.5715785695956589,0.02568315700647556,0.05954700753020998
220,0.8743362610419542,5.235968354156963e-07,0.12566321536121045,0.005766177975706656
221,0.31811097972482444,0.6337228926372788,0.32382894319911687,0.35806007707605864
222,0.16071898818468655,0.45610554675948733,0.0875424483819264,0.45635200485858635
223,0.12786888863465398,0.017279291447593676,0.6220395934291885,0.8548518199177524
224,4.354550730300421e-05,0.08172175418227573,0.7959753798321427,0.9182782458177242
225,0.1775086091961487,0.4294045857284111,0.21784375391276375,0.7821562460872362
226,0.011771799930691678,0.7980934599448227,0.25688731890446703,0.7431126810955331
227,0.07433898255155379,0.12616832530110506,0.17783072544187734,0.873831674698895
228,0.8741442995925452,0.9961667346307882,0.003833265369211751,0.08729311038392991
229,0.19432022052004685,0.1623315149974435,0.641513548423827,0.0018347160586826355
230,0.2832688392977928,0.1756780922864602,0.11935815691073945,0.42169491150500765
231,0.981736577103268,0.018263422896731947,0.00013599016954153376,0.9251281425310154
232,0.19276586968614554,0.4291061122371049,0.09593583590320184,0.3781280180767495
233,0.0006098428013452723,0.14981463025883848,0.7654636487314181,0.08411187820839816
234,0.047240621090536096,0.06391240756181006,0.7013549261951124,0.18749204515254153
235,0.024861486320116467,0.0038131706652441617,0.008485249217513745,0.9628400937971257
236,0.09734919571547829,2.6773822115348145e-05,0.9026240304624064,0.00031704512814540034
237,0.24727117711214916,0.24201831589348038,0.5107105069943705,0.41632190077457815
238,0.9943342735415365,0.8416071819016425,0.005665726458463618,0.08888350031355911
239,5.989018773816239e-16,0.00017080852026228792,0.136080817107805,0.8639191828921945
240,0.9548103096379791,0.29407132935663294,0.04436495804938535,0.04518969036202081
241,0.5425733288105337,0.0022465441145836907,0.20443984563749384,0.25074028143738875
242,0.999999469759874,0.9995509025722581,3.825830148098373e-07,0.00044909742774188057
243,0.06991120362090099,0.29680861530704744,0.20985521454547515,0.4933361701474773
244,0.4746568551625697,0.17799546463527574,0.24092371708068278,0.10642396312147188
245,0.5312827960303772,8.216984971065934e-05,0.3798260161489008,0.0888090179710114
246,0.8873835015703361,7.843014468764817e-05,4.040874932506962e-05,0.11257608968033887
247,0.08869555233398868,0.5538508016273707,0.35745364603864055,0.00027741731377933397
248,0.00018949892613408852,0.009804811653985755,0.9998059397432252,4.561330640676705e-06
249,0.3670981776474688,0.29072500892222186,0.19576080654444908,0.3421768134303093
250,0.30479767256259216,0.29439674126475107,0.2451366404881192,0.15566894568453768
251,0.3000345528179421,0.0038818423552211792,0.6626965053226923,0.033387099504144396
252,0.34736832026934944,0.20419706658771936,0.29204312826702206,0.15639148487590918
253,0.25173528562925246,0.19694818816901274,0.3933815181280547,0.1579350080736802
254,2.3541811454342868e-05,0.9999764567991889,0.15896590934117466,1.389356790482488e-09
255,1.853155498964838e-12,0.9459521426139282,1.481648815142739e-25,0.05404785738421868
256,0.0025571927079143567,0.0001416136778114367,0.9969108838313936,0.00039030978288053653
257,0.19141822644585108,0.6223081137134823,0.03834459292757496,0.1479290669130916
258,6.069986571074915e-08,8.469961934321213e-07,8.523573183512351e-06,0.9999905687307574
259,0.10947734177295161,0.5121471899161695,0.4878528100838305,0.0735848692571141
260,0.5112693584285282,0.263780598471966,0.19119816403951695,0.8088018359604829
261,0.9890612695657688,2.05723085583773e-10,0.004509225302960878,0.0064295051312703855
262,0.4477720407927967,0.497277126427866,1.271271350477402e-06,0.05494956150798669
263,0.8735053862335348,0.1264946137664652,0.05868359444024911,0.058886972661417375
264,0.2776980610613708,0.6745391035061927,0.3286412038885479,0.04776283543243649
265,0.00010303401170252444,0.9755254580009474,0.0001273256597544483,0.02424418232759554
266,0.14401354507265868,0.016768135954199848,0.12196428893254432,0.8559864549273414
267,0.5406615455236436,0.026436808367884857,0.5524731204368439,0.42109007119527114
268,2.301850375430698e-05,0.5131670508223808,8.501008224450177e-15,0.4868099306738564
269,0.0007000404325563095,0.00029053859416872064,0.07473790870520289,0.9242715122680721
270,0.31010184497443927,0.4780706903628611,0.05667212480943151,0.1551553398532681
271,0.7159952252181815,0.8515305331501434,0.12288377114101906,0.025585695708837463
272,0.03454984169615495,0.01721236590606161,0.9815806976770209,0.0012069364169173529
273,0.02725920695128348,0.02250926660086059,0.9072768541046126,0.042954672343243315
274,0.9999957869505866,4.133729124769859e-06,0.9999963868491465,7.932028870965345e-08
275,0.3090073442964851,0.12515334878597723,0.3827988320444223,0.6909926557035149
276,0.0015129834600013869,0.736017086380333,0.1088409097114915,0.153629020448174
277,1.4097018471587701e-11,0.46497910890720207,0.43217062311583115,0.10285026796286982
278,0.3766640740516645,0.3730877265818771,0.06149529863754827,0.2502481993664584
279,0.0009862021260368546,0.06699976423561735,0.6816009080388784,0.2504131255994674
280,0.13936392620655086,0.9972465878961047,0.8601039407202048,0.0005321330732442826
281,0.27159477307352275,0.587512861782467,0.1408923651440102,0.3704751456151401
282,0.7225754899284269,0.023078547380584312,0.01815239182992564,0.2361935708610631
283,0.4705570619077901,0.10524025148420889,0.42420268660800103,0.15370666843955835
284,1.2775337401043287e-06,0.999951006052901,0.02341321601093161,4.771641335895301e-05
285,0.03058923338811131,0.03959001508724102,0.0005383365094179691,0.9292824150152298
286,0.36345189884360085,0.45144092607311825,0.14719132535552099,0.03791584972776001
287,8.886368896060475e-12,0.5929104576970614,0.9987993529194601,0.0012006470805398953
288,0.655684700439476,0.2770106485072999,0.06730465105322408,0.2820484089503327
289,0.3172044415702673,0.37069321698029994,0.408549108659981,0.27424644976975165
290,0.6466833340192993,0.3956048942490523,0.04425045419623365,0.6043951057509477
291,0.019561948427764344,0.9804380515722356,0.10559547534909818,0.2562917183219785
292,0.432410605112129,0.34153634052647286,0.08355959729226803,0.14249345706913014
293,0.08433245550382003,0.25187962278196024,0.34075072093871145,0.32303720077550835
294,0.5176360695267714,0.009498535817319166,0.01617416116774135,0.4566912334881681
295,0.4823327959568669,0.0520013163887593,0.07849133673163675,0.9479986836112407
296,0.1346666821676761,0.47843612076753633,0.3040558207902814,0.08284137627450616
297,0.01721638335761218,6.3511410271117185e-09,0.003120215619873879,0.9827836102912467
298,0.286335309342056,0.1433112168104473,0.6177170125420506,0.09594767811589343
299,0.5153335915019133,0.5347356952175356,0.10545173947618429,0.35981256530628003
300,0.0028356862266925575,0.9035345925175534,0.05182534601858482,0.0418043752371693
301,0.002742476428532779,0.8518623773135979,0.14813762268640215,0.024101529618428107
302,0.6648492173433361,0.16692141892533438,0.032210229898596135,0.1360191338327334
303,0.048259364231693413,0.9517406357683066,0.1730158425829592,0.07281028794909661
304,0.840191117523026,0.14574462397516208,0.7906563606788831,0.014064258501811953
305,0.9999999999999543,0.0006631712153332461,4.577772291165271e-14,2.648116847866142e-05
306,0.9702066326687608,0.029409744727257284,0.0003836226039718385,1.0074721308945093e-14
307,9.879878418460771e-05,0.7063516606343188,0.0007446665061771077,0.29354954058149674
308,0.3062474728957786,0.051880094069764786,0.35755579236419693,0.642444207635803
309,0.09567402548268145,0.15491777527411357,0.18658513075644034,0.7177408437608782
310,0.4739684443761354,0.43049168609166094,0.007489555352365915,0.08805031417983772
311,0.00040416806541248776,0.9644116285506983,0.035184203383889334,0.9838063081261278
312,0.3211660408819377,0.6086341611696336,0.1391127648433897,0.5397211942746726
313,0.9999999557448501,0.06370624125896712,0.8371824510055833,4.4255149878500274e-08
314,0.4865105208559275,0.37010852828240004,0.23906038759378426,0.27442909155028816
315,0.38671395420135884,0.10729519657703662,0.6132860457986412,3.477564114378076e-05
316,0.09815979785709257,0.6068614545462439,0.032480653910671314,0.2624980936859922
317,0.4571265946236533,0.1988479063407189,0.201059484766742,0.14296601426888578
318,0.8708034473146116,0.011904499217979262,0.08069846026721582,0.11729205346740916
319,0.011465584709065366,0.016204139768190746,0.03808147625805983,0.934248799264684
320,0.5035305627437686,0.17101292330999662,0.8289870766900033,0.3297999079655537
321,0.7205621073513042,0.6062775152941188,0.0032360814503814292,0.3904864032554998
322,0.996887040993211,0.003112959006788948,0.027076314222623774,6.915833071190908e-09
323,0.006229348243824432,0.4722008720445258,0.11967311327576843,0.4018966664358814
324,0.7635385781525195,0.15787174941915275,0.06146177967806494,0.07858967242832775
325,7.377982449646014e-07,0.6296726845200432,0.05409811363209306,0.9999992622017551
326,0.5600439124235896,0.4061813043008499,0.43995608757641025,3.4188157595850714e-09
327,0.16127004266119077,0.9313509806215352,0.06864901937846478,0.09368813684487888
328,0.0093569569921815,0.9815724824516473,0.01842751754835267,2.746224152741536e-08
329,0.10407020755819661,0.4525844044850616,0.3842961027895357,0.6157038972104643
330,0.016038511916604332,0.31845097167441205,0.021181231801791933,0.6443292846071916
331,0.8961556885624914,0.008181775309675768,0.060003574835037155,0.0356589612927957
332,0.6979773702560675,0.021413825015653542,0.005756291391488342,0.2806088047282788
333,0.6499349119513322,1.1110121516070347e-11,0.3472800582923306,0.99999999998889
334,0.7194016081843772,0.10126108856474254,0.12671921270214118,0.05261809054873918
335,0.05273047855661982,0.0632614009492735,0.20300359201211055,0.6810045284819961
336,0.3903112971005217,0.0019358230501475755,0.027457287312780063,0.5802955925365506
337,0.06864356580990959,0.18625031078135876,0.1691020075637232,0.5760041158450084
338,0.04253300927655505,0.22763732010211246,0.31500980448829197,0.6424571862351529
339,0.4842444724699831,0.2741980507772366,0.24930686902438,0.26644865850563687
340,0.1487753611056544,0.08635923382691961,0.004541649759557585,0.764865405067426
341,0.2137172067071122,0.12478695047587895,0.24151428635598646,0.4199815564610224
342,0.06632519606733264,0.07066367634682924,0.02392224689903103,0.8390888806868071
343,1.4336158077561078e-05,0.9999856638419224,0.9782167685624292,0.016099884251657415
344,0.035880572497966404,0.03224919039530278,0.004387655094080317,0.9597317724079533
345,0.10129566785722771,0.09280476996056206,0.3760550908019772,0.522649241340795
346,0.31173906479699026,0.2884940985446993,0.6999268460720653,0.39976683665831036
347,0.9999999995043481,0.007226460460426608,2.881008302778668e-14,4.95651820581349e-10
348,0.703221483056971,0.22723679717292045,0.0001769526267346719,0.06936476714337389
349,0.10699972427109265,0.22511004394386494,0.32309407596731615,0.34479615581772627
350,0.2909572315672696,0.00041437513346607226,0.1199107798521738,0.5887176134470905
351,0.052782349223735495,0.0665549371179994,0.2788571909617028,0.9334450628820007
352,0.002555249731917836,0.33154129966052237,0.9973667468342028,0.6684587003394776
353,0.27947127998942445,0.028748670430096428,0.6579032812100661,0.03387676837041298
354,0.0832218839669937,0.9167781160330063,0.16893554739143077,0.12754361537659878
355,0.5378759290653923,0.49886510661612116,0.05793316901293765,0.4621240709346077
356,0.4575567128533893,0.9580568291347271,0.029754258889242463,0.04194317086527284
357,0.16449343542781455,0.32319500846797206,0.7712196297256623,0.5123115561042134
358,0.23751116567311537,0.3557510669838975,0.15825753448891175,0.2484802328540754
359,6.565063603071963e-09,0.014036447818573517,0.01587334068354934,0.9859635521814265
360,0.2491376032568382,0.09829044222898724,0.4030691907154624,0.3477932060276995
361,0.4814099208225397,0.14729543184809657,0.35091060565978854,0.02038404166957513
362,0.29073402972561224,0.5788180048425502,2.681978380220481e-07,0.1304476972339995
363,0.0021972502843650957,0.24479261029009255,0.9890398200795799,0.7530101394255424
364,0.02154463825341512,9.422224782570329e-11,0.998412822756756,0.001587177149021811
365,4.156372347812443e-06,0.004961257045888749,0.6962179857048666,0.2988166008768968
366,0.0011304739201887589,0.9967580983366986,0.00029893296632488205,0.0018124947767878146
367,0.04773234884426899,0.9464783337513606,0.10811177334500793,0.0057893174043703605
368,8.509724850412336e-10,0.9999999991490275,0.6059601917619863,0.39055355892733623
369,0.0020320592427974246,0.28598517707219756,0.02113428431824724,0.9788657156817527
370,0.8104391713969622,0.16147154028802968,0.028089288315008037,0.20145608644906712
371,7.561314059978845e-05,0.0017797328757673148,0.9127043380308907,0.08544031595274229
372,0.49269788290296623,0.20097356214465675,0.05189292863984926,0.25443562631252775
373,0.8800881296982797,2.0561774578510663e-06,0.09883696329289356,0.9011630367071064
374,0.0956841923259805,0.6256371417781456,0.3451895158464082,0.27867866589587403
375,0.009137951793572663,0.7638763190569632,0.9894727122174505,0.0013893359889769151
376,0.6669737477440563,0.06183709185559037,0.6559641206276027,0.3440358793723972
377,0.16821369146709933,0.17796632255798656,8.546621034235487e-09,0.6538199774282931
378,0.009548677598565942,0.228951034113351,0.5561261579666945,0.4438738420333055
379,0.13612715304940187,0.4748329842793155,0.4994843104329462,0.5005156895670538
380,0.05769155980758288,0.4465931814454509,0.9423084401924171,0.2394747851884534
381,0.00986758935888991,0.8130020746114942,0.9893144616201186,0.000817949020991475
382,0.6362983348569012,0.043222573020861646,0.0026676084185052015,0.3610340567245936
383,0.3595239390528368,0.3227894621163347,0.25182124799417915,0.06586535083664935
384,0.028150052150632238,0.9664601053184088,0.9719678722588382,0.028032127741161757
385,0.878152903612926,0.1865713132423398,0.7209931834160334,0.12184709638707403
386,0.005473551769874365,0.04124428467357177,0.30290506490933855,0.9532821635565538
387,0.9985481955971337,3.833422471972734e-06,0.0014503095365405519,1.4948663257939543e-06
388,3.01206813633758e-05,0.9995128247969414,0.00024283323700455457,0.0002142212846907562
389,0.9999999652755687,0.009316324658385935,0.9637908546182246,3.472443133006071e-08
390,0.12480536669433659,0.0026422225575601817,0.9221457916420883,0.0778542083579116
391,0.0027091230130771686,0.00209153832742191,0.6873198204279374,0.9972908769869228
392,0.11415669758181153,0.8858433024181885,0.5415580302441939,0.23117160176204518
393,1.1603180918083168e-11,0.017159491023381573,0.982840488236306,2.072870933184905e-08
394,0.08258361142212645,0.04961987139869389,0.8677965171791797,0.2955829938043737
395,0.1615120744367281,0.6448008524481164,0.003984140176500198,0.19368707311515554
396,0.7104076319698621,0.4750434760666776,0.2895923680301378,0.2450427688985842
397,0.37761425083038713,0.12170919792731702,0.1303750091070584,0.3703015421352374
398,0.4762118860426472,0.39405182028565516,0.12973629367169776,0.1826050110497421
399,0.1163051750517431,0.004182145784315426,0.9958178542156846,2.3068810425840494e-05
400,0.03293434274074108,0.914218273293351,0.05282260739059412,2.477657531360617e-05
401,0.9997538652950518,2.627915225384306e-10,0.00024578092667984063,3.5351547686769495e-07
402,0.14170846503492454,0.003916210538179382,0.8582912560412692,2.789238063027537e-07
403,0.004196393380681513,0.9957667220456349,1.1180731983910218e-05,3.688457368361114e-05
404,0.07988664913073117,0.2881434257832985,0.6083474722421307,0.023622452843839712
405,0.001773105906927982,0.7335544750836356,0.998226894093072,0.03697255777791447
406,0.8962741469138575,0.10372585308614243,9.033174334074843e-12,0.006435822314098399
407,0.5896087839814205,0.4103912160185796,0.03612811455305729,0.780970422497157
408,0.39948584089590045,0.1707191561710028,0.8292808438289971,0.0042046217374768985
409,0.39885506429421264,0.6005678000279656,0.0005771356778218429,0.6888123400140367
410,0.503086374862808,0.18438641916824922,0.48716327312548535,0.00975035201170663
411,0.26981022268139776,0.5334185274143578,0.19677124990424438,0.05367352168856278
412,0.029435683018634494,0.25501447788194526,0.25376919416817584,0.46178064493124443
413,1.0904467579723e-05,0.9995987125572675,0.0003662977756696786,2.408519948320005e-05
414,0.9075839454764097,0.00030802120009490176,0.09210803332349518,0.9274605032469793
415,0.0005066817451924743,0.9994837150381931,9.603216614373612e-06,0.6187208520626517
416,0.998691949819764,4.226446402962247e-11,1.83356388704039e-09,0.0013080483044077965
417,0.06446501142087611,0.006745824721757286,4.8565697059674375e-09,0.9999999951434303
418,0.009017993528161275,0.08003354270579588,0.06874430986468687,0.842204153901356
419,0.68347397569031,0.31652594550514196,0.26217882443367524,7.8804547980788e-08
420,1.3157007850168357e-05,0.9996823628773128,0.00023145372159208422,7.302639324495814e-05
421,0.19998716323876004,0.1832907633253504,0.24192184578375484,0.7580781542162452
422,0.6157646960198192,0.38423530398018074,0.42141159132060035,0.20910118198979435
423,0.7098276165458837,0.16011542519789682,0.04220834016984936,0.24796404328426702
424,0.11925653711392101,0.10985429933446092,0.036991792295449084,0.8437516705906299
425,0.8854392113127261,0.11456078868727394,0.05766291070772134,0.10970265980285454
426,0.935626256675191,0.5010181881108526,0.06437374332480897,0.23379666428349222
427,1.5930366173637956e-09,0.04754646938746399,2.6260120599201884e-06,0.9524535306125359
428,0.23424347796471087,0.16077243417143583,0.26492005363417587,0.5008364684011133
429,0.5120312901745158,7.464729940514136e-06,0.48779820151852554,0.00016304357701820484
430,0.008931624754670497,0.01566211196106422,0.9754062632842653,6.928861305554606e-06
431,0.002770067206441623,0.8110453249145599,0.1861844178227289,1.9005626963797644e-07
432,0.003212763427235925,0.00017686505713016305,0.9966103715156339,7.792595296663599e-19
433,0.9998181605069643,0.04237200551569615,0.9460261900875649,0.0001818394930357012
434,0.06345350744480752,0.11709755071791711,0.9365464925551925,0.6617319083926527
435,0.08056743365373614,5.443964279960887e-10,0.9190406367174331,0.0003919290844343095
436,0.8686064040829542,0.16676943473197411,0.01901734311476816,0.11237625280227781
437,0.46876965499946405,0.3102838230347459,0.12534555792664281,0.09560096403914725
438,4.826472616405599e-11,0.9999999999517354,0.13409021036860144,0.00902749433993529
439,0.5705077606536042,0.3133643899200849,0.009709700544704656,0.6769259095352105
440,0.8408591269097111,0.0002578645940554077,0.9997421354059446,0.15913082812305138
441,1.010682220166747e-09,0.1103420995634001,0.5606608474488038,0.3289970519771138
442,0.837829652439707,0.13821135694644868,0.02395899061384441,0.0146328782264407
443,0.128141376244513,0.446024627314846,0.4772269607542612,0.07674841193089292
444,0.001654939511592474,0.21197689534700231,0.01888803596270713,0.7863681651414052
445,0.998467759941796,0.7213524726306125,0.00153224005820391,0.12874335752268135
446,0.3633624330504986,0.16794612048644744,0.12224521436662596,0.34644623209642794
447,0.2731157791851723,0.5470114104922817,0.3798444760876663,0.07314411342005206
448,0.36814867699899195,0.47043961568289644,0.049750573211471555,0.11166113410664
449,0.20098776800958973,0.17821419698135643,0.4652124315433858,0.1555856034656679
450,0.999845437274782,0.0010851091657142955,0.9423848223935689,0.05653006844071674
451,0.255325937535825,0.3585649591744616,0.030536417934679816,0.6108986228908586
452,0.15220910478355643,0.37151722846055285,0.3610284149020347,0.11524525185385609
453,0.5828981622208981,0.05229494136556347,0.7363506390665503,0.4171018377791019
454,0.14119355611277667,0.00781511943788441,0.5682396428565606,0.2827516815927784
455,0.061270169540959006,0.5435210109144764,0.17915296230488373,0.21605585723968093
456,0.15288622816272618,0.43590725507559214,0.24999131798419896,0.16121519877748272
457,0.29117529485264215,0.7772603269770948,0.31740400580666217,0.22273967302290518
458,0.026781286571592875,0.47056367355663825,0.2678291569597543,0.2616071694836075
459,0.16614025114263475,0.18278633209491854,0.8338597488573651,0.13620646281582544
460,0.28829335361803515,0.13803777101789463,0.8619622289821053,0.01217106485807367
461,0.00017487720081172878,0.8934557840268793,0.8403889514154896,0.1063693387723091
462,0.3371261156063528,0.003910437868053354,0.5856348288061435,0.07332861771945035
463,0.7859283302948646,0.010393558975758737,0.2036781107293767,0.10830958985628934
464,0.10591051963859864,0.01260586281410707,0.8195695020127876,0.1678246351731054
465,1.1760926976750842e-09,3.678059992024344e-08,0.004529089439191461,0.9954708726041159
466,0.051082421956436384,2.9073124496920126e-11,0.1257569810545632,0.8231605969599273
467,0.0006676813701510796,3.287909594165772e-05,0.6811174825871736,0.31818195694673357
468,0.9090990196189591,5.7556641496148215e-06,0.05951261126818122,0.09089522471689118
469,3.1003357003243773e-06,0.9832211737524684,0.6506386128188217,0.016775725911831234
470,0.9973871041871988,0.001989356176698392,6.09876219732724e-11,0.0006235395751151739
471,0.2749568892663026,0.0010668536302107171,0.7239762571034867,0.4674050654561897
472,0.8910046027169918,0.002968242286548289,0.10602715499645998,0.00032398637110861764
473,0.0052270443940501616,0.05814820399427287,0.9418517960057272,0.32168850070134813
474,0.999999609409677,0.21201153394569724,3.9059032308484037e-07,0.7798016744790053
475,4.5611036715863685e-09,0.11552924590401115,0.5193612415119093,0.3651095080229758
476,1.1690451114999707e-07,0.9256063793136229,0.9999314585220852,6.854147791472485e-05
477,0.34874998544691616,0.19353868608944755,0.2484584641855676,0.4027915503675163
478,0.07573711611469443,0.4970514153107459,0.03079208281380801,0.3964193857607517
479,0.1511661645378333,0.6632922551761352,0.18554158028603157,0.2779477584395739
480,0.2691884587485116,0.38417748024467496,0.32467149365345416,0.34663406100681354
481,0.349408976489289,0.3122046239642339,0.022711298052124348,0.33838639954647726
482,0.10802064465501418,2.376202399024899e-05,0.9999762379760098,0.015266587963226066
483,0.40094549059122875,0.15935978837373188,0.23423976442147632,0.5990545094087714
484,0.04283874152343713,0.19641002592545928,0.9571612584765627,0.2136570003810098
485,0.30624353605392407,0.6767554544587069,1.011848240128381e-05,0.0170010094873691
486,0.4182586412509611,0.8783673627304669,0.12163263726953313,0.2200822923657441
487,0.0012734772098170954,0.003341674839940174,0.9953848479502427,0.15400249534835206
488,0.13974989982684927,0.734000084400549,0.0946968571706437,0.0315531586019581
489,0.020396901929922846,0.1069214625057592,0.17479096097114777,0.8252090390288522
490,0.4921398285035787,0.3856037780476392,0.12225639344878213,0.14509088153400196
491,0.41499903936713184,0.41155812239980544,0.21882513471492335,0.3696167428852713
492,0.6538281605066953,0.2672810578495031,0.022528196851982332,0.3236436426413224
493,0.02168109413800319,0.23153591890840738,0.7066875945391747,0.2933124054608253
494,0.3657453286743002,0.1241211177128688,0.12485322301407198,0.6342546713256998
495,0.02305246078338179,0.5166512168079441,0.420598280706478,0.0627505024855779
496,2.908982327252335e-29,0.09358814196287062,7.519357341393194e-07,1.0
497,0.026294012379762404,0.1608732780196005,0.4610606856892684,0.37806603629113106
498,0.718214653731322,3.7370774958611957e-06,0.006511539056612693,0.2752700701345694
499,0.9156215528217162,0.8596652860952523,0.011166886383985336,0.07321156079429832
500,0.8494265259959465,0.02112904143135797,0.11384211172524947,0.12944443257269547
501,1.4754464581220708e-12,0.999999999976564,2.2359275281694263e-11,1.0767743087262828e-12
502,0.5855666964863998,0.0007776076607814099,8.495847795091846e-07,0.41365484626803933
503,0.30942339818296727,0.00558421893132879,0.6905766018170328,0.18760763988264828
504,5.2219156964200754e-05,4.264725213048814e-05,0.09965514823324793,0.9002499853576573
505,0.18702057841871197,0.1984169662684313,0.668241229513536,0.13334180421803274
506,0.9620301882662714,0.009850287729469047,0.11096063437116975,0.037969811733728584
507,0.5364528823747821,0.33495590246400575,0.017985104107486945,0.11060611105372523
508,0.9941344331733544,0.002340505267813688,0.003525061558832022,0.011379514980038613
509,0.3092675467086483,0.0772269632268135,0.4244582172479321,0.2662742360434196
510,0.13422348588756985,0.291718053702569,0.03775042096764924,0.7082819462974309
511,0.1475414565974896,0.15326688377555286,0.10402593088731384,0.5951657287396437
512,0.3995920527054158,0.4999568769180844,0.4671565610017955,0.13325138629278857
513,0.9999340383779478,0.44675871926296784,0.26633420108124833,6.596162205223866e-05
514,0.18748601421556985,0.08021584301524907,0.7138283626175652,0.018469780151615968
515,0.0076702305011413785,2.6411628142478522e-06,0.30159983092841586,0.6907299385704428
516,3.0330874267715897e-21,0.32439450495141287,0.9999999999995819,4.1801364652037584e-13
517,0.017177342118767876,0.3225750612027828,0.9828226578812322,0.03640828428949487
518,0.22938550594759494,0.3557287716666388,0.4148857223857664,0.09398399473866897
519,0.4276296868468366,1.305916749119133e-09,0.5709626858737337,0.0014076259735130157
520,0.027528207245473623,6.687696284986175e-05,0.014708238177857297,0.9999331230371501
521,0.1952118922520993,0.791010012752263,0.03536915254396604,0.964630847456034
522,0.18881977539272002,0.13796985242649404,0.5344249879167439,0.13878538426404213
523,0.629007572892804,0.2775550482442723,0.27307580560222955,0.3709924271071961
524,0.8385771395617718,0.16021896124988277,0.0007480806622607323,0.00045581852608470323
525,0.024246888359976727,0.43680655079350983,0.0036874053524554285,0.9963125946475445
526,5.640791019235395e-06,0.972454689122857,0.9999943592089808,0.000421908522100506
527,0.7866699298943429,0.0008419322709125006,0.2124871017301647,1.036104579966451e-06
528,0.5360785327063661,0.11050405523533217,0.1310199884116173,0.2223974236466844
529,0.03316289745058959,0.9324628423533811,0.06753715764661886,0.5838891847938176
530,0.7349053498697579,0.18978601071951184,0.9540354761367115,0.07530863941073035
531,0.1258165553375895,0.28512359697891027,0.5890598476835002,0.016068069921001567
532,0.640451784079022,0.10612498264801563,0.8926365458784974,0.3595482159209779
533,0.40768574803554664,0.06400436656694738,0.2956830876614497,0.23262679773605635
534,0.3803695492631348,0.18232836927193558,0.43730208146492966,0.3766054776490225
535,0.36222720865309194,0.2982915269717946,0.15218004241035255,0.637772791346908
536,0.25792090595134765,0.5543556716387076,0.038016877884720544,0.4456443283612924
537,0.4484078395103109,0.47921193733148676,0.041692988324583215,0.07238022315820238
538,0.0009349383742023038,0.9990590615193083,4.937222509032727e-06,1.0628839802889375e-06
539,0.3612374588885911,0.7140779334738766,0.2859220665261233,0.3231185563507385
540,0.44594131464424763,0.27368234445696416,0.13757425157638545,0.14280208932240285
541,0.23072877297991987,0.9936071299287416,0.0003077220303831248,0.006085148040875501
542,0.21147611881373823,0.5457200162483173,0.24280386493794429,0.5559324487741399
543,0.9344715768711053,0.05164214991277089,0.8527552930904785,0.09560255699675076
544,0.18905747327000447,0.8431303520349777,0.007531484685811912,0.15686964796502237
545,0.01704441802735013,0.7931197113553407,0.01402594208809263,0.1898358706173092
546,0.056564466706336344,0.7756990536199355,0.21521994556063237,0.16773647967372812
547,1.6532776579084872e-08,0.26008130127078904,0.36717057302177647,0.9999999834672235
548,0.9999127630839516,0.9998473962371378,8.72369160483028e-05,2.1425957565738268e-10
549,0.04477171888359464,0.6363070532052684,0.3281159789056482,0.03557696788908332
550,0.38599503768695376,0.37654686477954485,0.2814660391386215,0.6140049623130464
551,6.538027702268982e-05,2.374926849436503e-05,0.9999091427584604,1.727696022418141e-06
552,0.12213803858380393,0.6971339167671424,8.477153307708027e-06,0.18072804464905373
553,0.7049759733656089,5.021002319100381e-10,0.01762079402455327,0.2774032321077376
554,0.8320467344273277,0.0008822164859077817,0.1670710490867645,0.11127785789637507
555,0.8719133563331225,0.12808664366687753,0.53970466930286,0.2223245180694207
556,0.4153214598019092,0.361887863059575,0.4090912098748311,0.22902092706559388
557,0.4849374683385243,0.41360197525799464,0.011906139236749418,0.08955441716673168
558,0.0013396862929655267,0.30136171715287613,0.9986603137070345,0.3632818780071886
559,0.1772084301879428,0.47182558762909665,0.16304622817749212,0.18791975400546843
560,3.4444052704376396e-11,0.30966246381214996,0.25261946571455257,0.43771807043885347
561,0.0360949430471366,0.9280498199147571,4.112972925666656e-09,0.9639050569528633
562,0.6342711041969691,0.0016259400876926873,0.017266597866736906,0.3468363578486014
563,0.01814090614034755,0.09035189463329799,0.3961457055061599,0.909648105366702
564,1.6395826464274812e-05,0.526579469904701,0.47340413426883476,0.04404484269556249
565,0.0007365784609966971,0.003053140492395302,0.0034152985248555967,0.9935315609827491
566,0.5590365908230923,0.13085501440070035,0.3366772070304361,0.10428620214647162
567,0.23920916052075886,0.012311839942051343,0.9876881600579487,0.23268658103134093
568,0.44926307678413685,2.439433900363585e-06,2.519951641042205e-08,0.5507344585824463
569,0.3820763712816051,0.23020170546707494,0.32582801003547773,0.6179236287183949
570,0.09765374521446597,0.06800412527386393,0.9023462547855341,0.0009362199059680805
571,0.026930045605647917,0.6982154142377784,0.21478905237258064,0.06006548778399305
572,0.6906826366453587,0.39694858062819466,0.18640004249821332,0.12291732085642808
573,0.9688225914093229,0.9471362273727563,0.00023360665363181626,0.03117740859067706
574,0.8226589385684913,0.05815455719169403,0.3898944380854855,0.1773410614315087
575,0.5877373742325677,0.03462139457098913,0.9999968062020855,3.1937979144954953e-06
576,0.2557503817007101,0.017414563334595366,0.0035019154773501546,0.7442496182992899
577,0.07885961335317505,0.8719089532561385,0.04923143339068645,0.08748457440634727
578,2.289092708775056e-05,0.5405736657343084,0.9966803123569379,0.003319687643062083
579,0.11422541128113184,0.32051483391761376,0.1060904144634417,0.4591693403378127
580,0.9266688617444694,0.04214064787292601,0.5411450209540287,0.07333113825553064
581,0.05274720037233182,0.06120877865346573,0.5953184841574763,0.2907255368167261
582,2.7768341870719193e-06,6.881019804286014e-08,2.173736753531613e-06,0.9999971543556149
583,1.2295788585042813e-06,0.9999122061992421,8.779380075778735e-05,0.31225955394991084
584,0.031166439613184427,0.948836537117887,0.0005736372998923131,0.01942338596903634
585,0.8020794451078315,0.49401540662688737,0.19792055489216856,0.08999478544952473
586,0.5239804581538956,0.04638063847688339,0.42436352407025224,0.005275379298968863
587,1.0207648012213016e-05,0.296925822034091,0.703074177965909,0.13322180436772724
588,0.38057264351642844,0.1904983980241619,0.3475602948069077,0.4289289584594097
589,0.5900333755879544,0.03884130326755892,0.30856745470490954,0.3711253211444867
590,0.04716282610182116,0.665117013729223,0.24459158733330955,0.04312857283564622
591,0.9902107139636552,3.553879590270745e-06,0.008714739041771453,0.0010709931149830425
592,0.1784429000724389,0.5209464939068149,0.1584742354979349,0.14213637052281128
593,0.7000549445541322,1.5554146804777963e-05,0.29992914419577243,3.571032906870321e-07
594,0.9999714191800082,2.8580819991751824e-05,2.1748205721896668e-06,0.9999978251794278
595,3.8961212766278855e-10,0.00017519550373166202,0.9998248044962684,2.8636219778909666e-12
596,0.005145409868729895,0.33017992528049733,0.6698200747195028,0.6843653995324923
597,0.8141604293074706,0.7093092370298001,0.00011832508286725809,0.29057243788733267
598,0.2058068223888429,0.7852296033916693,0.21477039660833075,0.023067922771338227
599,0.9997791093412598,7.11116135437392e-05,8.393104432451557e-06,0.00022089065874018104
600,0.4939601660333012,0.06569706625635122,0.5060398339666988,0.42105920421623166
601,0.6722655140935663,0.24315173448318045,0.08458275142325325,0.38181588413743345
602,0.0018195704266361222,0.25504004814588654,0.46832088654327075,0.2748194948842066
603,0.3909364557513048,0.11901848296679003,0.36858594406445994,0.51239557296875
604,0.016719094230209376,0.012773102138891107,0.8614905292800351,0.10901727435086435
605,0.9996845912488558,0.0003154087511441226,2.116652166663208e-06,0.7447851845297514
606,0.029474805798172937,0.03201550713819473,0.37951501980568947,0.9705251942018271
607,0.25545844865578554,0.026974976153313686,0.38597027862882055,0.7445415513442144
608,0.6318452431198517,0.004620180028353071,0.9901430192331484,0.009856980766851606
609,0.24321058306339566,0.5108925427576338,0.3949792785319459,0.6050207214680541
610,0.23000279701513543,0.565757102248646,0.5860627944640081,0.434242897751354
611,2.2911367064294902e-09,0.8451199246277379,0.1548800730811255,0.7508858646483794
612,0.08907900439721618,0.25584114684143755,0.5163559942354177,0.13872385452592859
613,4.207135537000264e-06,0.0844619615824582,0.00013871404713139356,0.9153951172348734
614,0.194263339532481,0.8325682507444438,0.3570369658962757,0.16743174925555618
615,0.639795681963134,0.029782839879854698,0.36020431803686603,0.16743198672735557
616,0.0011011410083803894,0.02220888181555297,9.653505552203477e-09,0.9766899675225611
617,0.06733338925117294,0.6278727113510981,0.27627228021064976,0.7237277197893501
618,8.174456853501987e-08,0.49937209844088354,0.5006269773755068,8.424390412242357e-07
619,0.0003706599620778265,0.9999999680742016,0.32824591176906437,3.192579833944026e-08
620,0.965107480528728,0.14200923941868357,0.03489251947127203,0.7136428751372325
621,0.022918662598642548,0.11579463414301708,0.6391334859583747,0.9770813374013575
622,0.2848700842285133,0.11465177503240688,0.2985565965702157,0.41657331920127116
623,0.062263972110535803,0.26150109045694775,0.02027751269155644,0.6559574247409601
624,0.316322355770361,0.5145074573828097,0.11132417216229325,0.05784601468453604
625,0.3037643564166012,0.019455174058860453,0.6958593164368819,0.0003763271465169079
626,0.07433169314608504,0.7294274975428617,0.19624080931105323,0.25597813577153633
627,0.1998750804620726,0.09377973181732999,0.07288971396715023,0.7063451877205973
628,0.21365113510792968,0.6718601338974493,0.3981362330621489,0.114488730994621
629,0.005653257728441023,0.8509419441534778,0.0035125596520184854,0.14554549619450372
630,0.00024451100496646186,0.055324537401715876,0.0009037957713040088,0.9435271558220136
631,0.310795097639809,0.06719006125355247,0.2526793490036279,0.436525553356563
632,0.08160292137679015,0.119648620703631,0.8803513792963691,0.05486200711061411
633,0.14922657604671682,0.01661105940437621,0.5232849501423137,0.31087741440659333
634,0.05439582427733828,0.24783183880334314,0.6977723369193186,0.07757099456834098
635,0.13213419057725637,0.8678658094227436,0.06393499465992679,0.04359336947518222
636,0.11733954312875669,0.3883050763331422,0.40569136683912504,0.5943086331608749
637,0.020964986031298524,0.0034968290641874318,0.9611390128289204,0.01789600113978105
638,0.22728953922723047,0.05504752619018162,0.3875450220383461,0.3301179125442419
639,0.10466005242613514,0.8938118864721463,0.0009304974819517841,0.0005975636197668115
640,1.7489136552721557e-14,0.010196007416554943,2.8867467603932114e-05,0.9897751251158236
641,0.9268497509530875,0.5849135680287794,0.07315024904691252,0.04695557945088086
642,0.10823789975270177,7.370926773974165e-05,0.21660669370811883,0.6751554065391794
643,0.7182766825363702,0.09668235731001817,0.004441904138850104,0.8988757385511317
644,9.021037133578651e-10,0.07427240701254584,7.314430398905451e-05,0.9999268547939073
645,0.5623536453083552,0.22921309144302823,0.24784186520233667,0.4376463546916448
646,0.00020740349712887736,0.004140383766969887,3.868219015864909e-06,0.9956483445168854
647,0.0895047522715008,0.5813055750523125,0.062268825164117664,0.26692084751206896
648,0.3475711245957609,0.48049467032054183,0.20948257351716046,0.4429463018870785
649,0.26556925434507955,0.6118230531276534,0.023325462668351837,0.12260769252726711
650,0.44516490558104455,0.1419637752283041,0.5265657518716721,0.028269342547283367
651,0.3639698944497624,0.6313058729222699,1.35786349000438e-06,0.004724232627967763
652,0.46572254010949427,0.5862325549149342,0.10780382113634414,0.42647363875416167
653,0.4711073462397179,0.18152953990355705,0.11378440340666664,0.23357871045005846
654,0.33567243107897016,0.1378842008088253,0.17467052913626474,0.35177283897593986
655,0.2916055084298687,0.7029463033238442,0.2970536966761558,0.07188460019310036
656,0.10122924733678294,0.8395104289150752,0.2732633156000427,0.6255074370631744
657,0.03898322353227386,0.028496288462161096,0.1363838662931041,0.932520488005565
658,0.5587442084959405,0.36163032130167627,0.07411870337211876,0.0055067668302644385
659,0.8280911487308912,0.1719088512691088,0.003643411878468987,0.08302956797608584
660,0.3849276744558105,0.17949564554257047,0.12010278619887214,0.3154738938027469
661,0.13076596504891755,0.07944079395708473,0.7897701684625463,2.3072531451552164e-05
662,0.6778533516805391,0.18023385837586023,0.049616728868117306,0.322146648319461
663,0.0002913184782180483,0.4885206386719384,0.6639028162844236,0.3360971837155763
664,0.41017333833080116,9.057406335803368e-07,0.5571125403990184,0.03271321552954677
665,0.10032979179638275,0.12844629909855873,0.13424565651384,0.6369782525912187
666,0.20986516225021376,0.06789711916370453,0.45140741430539216,0.27083030428068966
667,0.9270537106902964,0.5961421787431499,0.4038108404479285,4.698080892156016e-05
668,0.00011704552892235004,0.9927432698906689,0.0048208580139939665,0.002318826566414849
669,5.3770352228243016e-06,0.8298109499199029,0.1701890500800971,0.14176206542124292
670,0.590081152649571,0.11748138566447268,0.015743768495378722,0.27669369319057774
671,0.128110198306863,0.6549453045144782,0.3450546954855217,0.10509936425659458
672,0.809453862045322,0.4012464569328155,0.1885819828014655,0.001964155153212566
673,0.5658871080401802,0.43411289195981984,0.019762256866593157,0.03917140823810507
674,0.13129399916851986,0.22526192744888252,0.09582268643624767,0.9041773135637524
675,0.36942047818170853,0.35615015708863024,0.27442936472966123,0.11561529491534818
676,0.08379457802154648,0.4549062032197731,0.9162054219784534,0.5450937427783579
677,3.4911502518180573e-08,3.155812479655104e-05,1.2293626473252236e-05,0.9999561133372277
678,0.4399529008141107,0.5214828034739245,0.3504700534968171,0.03856429571196476
679,0.13080219905388496,0.43007080948830917,0.21846559803479035,0.22066139342301544
680,0.21931560412191928,0.23733695859944273,0.48153003613739903,0.06181740114123896
681,0.08819323724384365,0.043190219206301964,0.32452025914799715,0.5440962844018573
682,0.5197437616156751,0.0018285804580315604,0.47713530332444815,0.0012923546018450641
683,0.27405129693294866,0.11683302820259452,0.3528500814259821,0.3730986216410693
684,0.8583152404273258,0.0008491233683505681,0.09411948845143718,0.04671614775288662
685,0.5693805662246259,0.07672172199105468,0.17001293251212177,0.18388477927219768
686,6.131743505220126e-05,2.9214744855598494e-06,0.0005876623194851744,0.9993480987709771
687,0.23626226907655448,0.011231826904106294,0.0013652703643980706,0.7511406336549412
688,0.38280297083157827,0.0001861439931732676,0.4796792843536476,0.1373316008216007
689,0.5224936992650148,0.1868705415885942,0.007348792288887137,0.283286966857504
690,0.3961619872199369,0.04250036124859932,0.15401303459953627,0.40732461693192756
691,0.220522790795397,0.33274206584726296,0.1351661937007944,0.4467351433573401
692,0.6305026965515554,2.39023528093457e-07,0.3694960145180282,1.049906888321216e-06
693,0.10346433510327782,0.6581603334996186,0.04441408547311575,0.1939612459239879
694,0.7255315938631465,0.15635616658501625,0.1181122395518373,0.011192150807494212
695,2.7758565510477943e-06,0.006947639894025015,0.992060404184447,0.0009891800649768838
696,0.11755754726643662,0.8824424527335634,0.3139749837614336,0.6543001331757733
697,0.019353129351699708,0.10021552967009918,0.9943502820055602,0.005649717994439852
698,0.7490751445771305,2.5267936522296112e-05,0.9999747320634776,0.015420305560883791
699,0.2911537228565306,0.4398624320034306,0.04725286431375581,0.22173098082628315
700,0.06954709571468418,0.7418582661257628,3.886415872649601e-06,0.1885907517436804
701,0.24332284722233316,0.07962787097869568,0.43523858065905713,0.24181070113991396
702,0.11963490888486611,0.1088761102796978,0.10086126454575833,0.771488980835436
703,0.6691240826606771,0.02208885140324971,4.400256966884029e-06,0.30878706593607314
704,0.29661372013024584,0.7479883280356968,0.2520116719643031,0.3372824231445677
705,0.9999290153098055,0.19245697283151875,0.0019120104071718533,7.098469019454388e-05
706,0.03885923705822278,0.4426652586188911,0.5184755043228861,0.26753136415563544
707,0.027300830376075967,0.027451682722938325,0.6772050668150502,0.26804242008593554
708,0.5617095625896192,0.43829043741038076,0.12765793555601396,0.15573447806554896
709,0.07176032486962237,0.0987558814847394,0.5029996871017114,0.3264841065439269
710,0.3627788192987727,0.03042244727661477,0.27949194980035813,0.6067987334246125
711,0.024797445293780883,3.6034089776712972e-09,0.0009709344560218121,0.9742316166467884
712,0.15238075208802235,0.35546953437400136,0.19806852610173611,0.44646193952426255
713,0.44964286879004783,0.34541689226397493,4.970271272457477e-05,0.2049402389459772
714,0.03811306159597575,0.01345035469880752,0.9655508229503039,0.02099882235088854
715,0.016574915099181627,0.00010975244711706482,0.9833153324537013,0.09899141738543857
716,0.9349235854163922,0.06104000315700339,0.002945210127815933,0.0010912012987885041
717,0.4109329288485946,0.19997139623344293,0.38909567491796254,0.338644810375841
718,0.10662586998616036,0.07988328356683778,0.4693499520400625,0.4507667643930996
719,0.38476877901685663,0.554011429749907,0.043617351566749604,0.017602439666486735
720,0.0356783042354402,0.2020158623523705,0.723956378499847,0.24036531726471297
721,0.030261460404767973,0.8297973334809596,0.004477305987404955,0.13546390012686738
722,0.005515949406629277,0.9943332720090778,0.00011973938034078575,3.103920395219186e-05
723,0.2192809682447377,0.026426827608450887,0.7380188895315833,0.01627331461522802
724,0.09754354266673897,0.0009592682439706569,0.018196475374810287,0.9024564573332611
725,4.550294951756451e-05,0.007716969639382103,0.01947461869836206,0.9999544970504823
726,0.400392459886654,0.5996075401133459,0.4268277522368968,0.01281089121306096
727,0.9984665331812657,3.971833633428202e-12,0.9990660907302182,0.0009339092697817989
728,0.3820672439651737,0.4986618417896927,0.11927091424513352,0.02471295079746592
729,0.18934596341418272,1.2627394996365938e-06,0.07644577019790726,0.9999987372605003
730,0.5237823459850109,0.633131249273832,0.07738377162842473,0.39883388238656436
731,0.06499219244154493,0.3299956158068981,0.8458153527807765,0.1541846472192236
732,0.32149718930713345,0.6502174049787078,0.02693729917373576,0.0013481065404229754
733,0.20246857839196233,0.6383502869186473,0.3616497130813528,0.5795793135787328
734,0.686470839069875,0.0024022330352099774,0.08758715762057762,0.22353977027433733
735,0.9076058943323541,0.09239410566764597,0.014365166465262778,0.5390109074674079
736,0.08411986878248476,0.9158801312175153,0.08890132152987569,0.012263878361520231
737,0.28867153760552194,0.754235417609797,0.2220761254777691,0.023688456912433875
738,0.999974417013089,0.9707622725721521,0.029237727427847922,2.5582949851405653e-05
739,0.5345193809312928,0.24596691351014144,0.4654369366854009,4.3682383306281815e-05
740,0.71271460520252,0.0031808716422252474,3.9893922896806543e-11,0.28410452311536094
741,0.5156941417557985,0.002947303009455294,0.01218588308834584,0.4691726721464004
742,0.3711801511295139,0.3891369090469068,0.09404775895611078,0.5168153319969824
743,0.10501321156170551,0.04969794490007948,0.26800217263863313,0.6269846157996614
744,0.07270262884699294,0.06998279480151497,0.0013637773276308776,0.9300172051984851
745,0.014257971665817673,0.9857420283341823,0.07599778478600767,0.17951576650990317
746,0.030503065745856418,0.18488940055661637,0.8478267177792808,0.1216702164748628
747,0.2104505833708533,0.01608870826676563,0.038150591777850115,0.7353101165845309
748,0.2295624005434105,0.3327439917059612,0.15334722194540898,0.28434638580521926
749,0.8482077380429327,0.07161121303467508,0.06483483547926258,0.015346213443129643
750,0.5905741698171483,0.4554356178611898,0.4094258301828517,0.043867307146923704
751,0.8080465136303173,0.19195348636968262,0.0004909755864206555,0.3669442939042389
752,0.5330588534041498,0.3154228517873733,0.6845771482126267,0.012054499546017146
753,0.024083935856715918,0.7977424856558217,0.2022575143441782,0.4413012416656184
754,0.9552103587723872,0.037681155421620344,0.007054864059281248,5.362174671120555e-05
755,0.0008412442596656197,0.5913674729467995,0.32270916912286535,0.9991587557403343
756,4.490506946098219e-05,0.1236646557813172,0.39168268989097743,0.8763353442186829
757,0.8359121414583404,0.006337439134539476,0.16408785854165955,0.9462422368148897
758,0.000749469463402324,0.9992431497767026,4.708325165550551e-06,2.6724347294870305e-06
759,0.020998853523180937,0.10565799224336035,0.007214184970770986,0.8871278227858687
760,4.5102015567747515e-11,0.9999999952814823,0.033842050034647964,4.673415686854943e-09
761,0.03485591239010165,0.26047857356958026,0.7046655140403181,0.4692733982329321
762,0.06343953170803604,0.01981893324928401,0.91674153504268,5.073611371642667e-08
763,0.9652697001604669,0.032531867685666606,0.0021984321538663972,0.258330765132814
764,0.6038918450227329,0.8673375716544905,0.10950285347258064,0.023159574872928877
765,0.6090122786284589,0.30755122989248673,0.040291706068216596,0.043144785410837695
766,0.47450767445450814,0.5253980113640055,3.1492968006454124e-05,6.282121347985182e-05
767,0.5493389089630435,0.08694103836964313,0.04846197788405756,0.4506610910369565
768,0.8083490114065912,0.19165098859340884,0.3401721187064008,0.0684996502672233
769,0.998112870634273,9.930561986028301e-05,9.475498485024019e-07,0.0018861818158784473
770,0.14461593850037102,0.33849737293974,0.3574279220329223,0.1594587665269666
771,0.15480997639520688,0.07466562568597608,0.7689790276705908,0.0015453702482262238
772,0.7028272097366947,0.03306572851468139,0.002225363720095345,0.2618816980285287
773,0.2146817078116423,0.12151115912531692,0.23197146475299177,0.431835668310049
774,0.21949888290275607,0.5281416510719427,0.07566987051968223,0.17668959550561908
775,7.345859010801947e-13,0.9311260545386076,0.06887261086959512,1.3345910626702441e-06
776,0.60027973236488,0.2336276461278485,0.2559556754601334,0.16609262150727155
777,0.0813714658808663,0.432597289758257,0.4103441738332026,0.07568707052767396
778,0.03886669186486582,0.3890342709670465,0.5720965498519381,2.487316149551926e-06
779,0.012478089321627535,0.919169358261963,0.0010753113964150091,0.06727724101999438
780,8.323915718955447e-05,0.6377188901168804,0.36219787072592996,0.1258727230710895
781,0.326912046027157,0.2089578006840617,0.42720000096170485,0.46413015328878127
782,0.005333137807139911,1.2722645693947944e-07,0.31872517221644414,0.675941689976416
783,0.051786408238891656,0.5862153230797572,0.2831485356692993,0.07884973301205185
784,0.16762050709937004,0.15870944094463837,0.17752948319342823,0.49614056876256346
785,0.8952042636367084,9.557189487107397e-05,0.02372886040609902,0.08097130406232152
786,0.11511931267198885,0.5850391860278588,0.0072002999297411715,0.2926412013704113
787,0.9999767723084078,0.05591702225656421,2.3227128243082955e-05,5.633491074604791e-10
788,0.0004564066439551899,0.0548967035048807,0.06545031383623667,0.8791965760149275
789,0.8261806221283508,0.001712273283221171,0.1051812700723964,0.17210710458842804
790,0.988154022755031,0.0032784443494574315,0.008567532895511678,0.9837281710986174
791,0.012159124882572437,0.9289120986234546,0.000598067605235135,0.058330708888737835
792,0.4278627316759195,0.16626941500460546,0.5721372683240805,0.3835885461224927
793,0.4847329508794532,0.0059640527486126945,0.09030058998984221,0.4190024063820921
794,0.0941227278202072,0.0008577671008053885,0.8301859626505148,0.1689562702486798
795,0.30301901187190355,0.5273409688561449,0.1696400192719516,0.30857548594256073
796,0.615327137609171,0.007416513979082459,0.02128386866527256,0.3559724797464739
797,0.6833733139319619,0.06079434446847355,0.043701436870895075,0.27292524919714306
798,0.04639823308427381,0.4572918706834703,0.39929646431291416,0.09701343191934167
799,0.3688102031794246,0.5768243939391492,0.08425139867277413,0.33892420738807655
800,0.9175238863562178,3.8117188713382353e-06,1.3833611035161576e-10,0.08247230178657472
801,5.276069648883516e-07,0.13974684551531652,2.1797053472889003e-07,0.8602524089071839
802,0.011124245762904732,0.0215265107805638,0.9673492434565314,0.007625798774794222
803,0.8151861259138768,0.17108177967973978,0.007086081879006632,0.0066460125273766915
804,0.24855353033508967,0.36186493549373494,0.6385180977460684,0.3895815341711754
805,0.018823991955466232,0.010948812015856612,0.9890511879841434,0.0002949241032991902
806,0.07031632068000347,0.28893680371846225,0.23026946170232804,0.4104774138992062
807,0.1363490744346372,0.29965632474968845,0.4138363433689216,0.44981458219644116
808,0.15421074938193494,0.8457892495012177,5.089965756351146e-05,1.1168472811708518e-09
809,0.01335920614303426,0.8059171486145303,9.995582745032644e-09,0.9866407938569658
810,0.7843183710493689,0.16577852495875223,0.8342214750412478,0.05658632131054732
811,0.026580053233530028,0.08958174172329489,0.1240871520902937,0.7597510529528814
812,0.22702920358985185,0.6314846405722164,0.14148615583793175,0.10098870192476656
813,0.6488478554017928,0.2634644416961191,0.08768770290208802,0.16293403290223588
814,0.5461638737696429,0.8535198650874826,0.14648013491251743,0.15513511494989343
815,0.02920834662382587,0.5987910461241583,0.0011268839175792816,0.40120895387584166
816,0.4246518970147703,0.2814847519282697,0.29386335105696004,0.2502253135509964
817,0.4289065993562227,0.10507283945503794,0.11881180768788269,0.46602056118873936
818,0.03404673370478929,0.030542699067236834,0.8267652093873579,0.14269209154540533
819,0.32596754660726934,0.1301702421345931,0.12160356992005164,0.422258641338086
820,0.332340469541849,0.26500692265400333,0.04195495097839587,0.36069765682575183
821,0.41236696022522956,0.1920887950404105,0.31708196453349713,0.07846228020086266
822,0.5363723867159323,0.24792218848969952,0.2514693341277764,0.7485306658722236
823,0.4292637223882152,0.48595758412011403,0.5128317211750488,0.5707362776117848
824,0.31619437653753646,0.5512138374840578,0.12498536634337377,0.007606419635031928
825,0.5079788835006618,0.0211458590792881,0.35405655656781815,0.11681870085223191
826,0.3858191210199324,0.0036422495724382467,0.6141572802071888,2.3598772878697196e-05
827,0.03686148630604649,0.9629768722238002,0.00039042847966564093,0.00016164147015331916
828,0.06251942802595528,0.4415090930610616,0.3608593205128494,0.5766212514611954
829,0.4085148742187329,0.5683386470239722,0.009543702250440001,0.013602776506854857
830,0.9999933410917184,6.658908281605122e-06,0.0008200261530246436,0.00029396937142437877
831,0.7375652909964263,0.5461124337458195,0.45388756625418036,0.19953876743842244
832,0.0022898206743712907,0.0013894720208085555,0.9977101793256287,0.0019260120663083752
833,0.443149602307472,0.18735828092914836,0.24141443205948,0.12807768470389966
834,0.1213443106592156,0.6016955649612709,0.7527829532341557,0.3983044350387291
835,3.07705157328817e-05,0.000830288326560095,0.7212293352438027,0.9991389411577071
836,0.2717073205584657,0.15030807268172522,0.8425790998326472,0.1574209001673528
837,0.009882014452746724,0.09232081773409766,0.30925767571027946,0.5885394921028761
838,0.9756703091826738,0.9808506479455111,0.024329690817326204,0.008323608881712427
839,0.18155705507900366,0.2901457419220061,0.34797560653597215,0.1803215964630181
840,0.555713917674497,0.016752045812905448,0.4249561576280405,0.0025778788845570383
841,0.3220291863010714,0.1675955252872598,0.6190869192370568,0.058883894461871825
842,0.2800233740557137,0.4883995049033351,0.19580649149276327,0.5116004950966648
843,0.7076737597518096,0.08714989080424763,0.29232624024819037,0.48555288837023264
844,0.19459423030186998,0.001189160841743556,0.15310547270978567,0.6511111361466009
845,0.058131711946143826,0.008083113898432468,0.02813357628093477,0.9056515978744889
846,0.05841471593370812,0.15884249681094514,0.26934592428575216,0.5133968629695946
847,0.007942672424144162,0.7784911071800078,0.13162008326109959,0.08194613713474837
848,0.20780026330916143,0.2924485718908882,0.30907301097100703,0.19067815382894338
849,0.10075405777470847,0.8992459422252914,0.08890058110163733,0.08946556672094473
850,0.9824259959524072,0.5384434606993806,0.22214054283134435,0.017574004047592774
851,0.957226898691324,0.27468609817156375,0.5311292134082076,0.04277310130867589
852,0.033258766118826985,0.4954850985107198,0.437606171003651,0.033649964366802204
853,0.1689407649432083,0.758249126504187,0.2966650364306288,0.24175087349581295
854,0.5138597200902632,0.4456404007255618,0.041085321804820996,0.040499879184174935
855,0.049273025454533693,0.47584876948909044,0.028812354366249134,0.4953388761446604
856,0.5592614350400559,0.0009895080222270146,0.09966630228424779,0.9990104919777729
857,0.10283071790468946,0.8097813601058105,0.013222173997151634,0.08738792198950009
858,0.7710770395051797,0.9056298458144402,0.008217301451945994,0.09437015418555988
859,0.3191730538391947,0.6515562629333175,0.028588156717541877,0.0006825265099458923
860,0.1660714869120393,0.4112907565339009,0.33491928432345547,0.08771847223060439
861,0.00036320674093401383,0.16666649848677595,0.8299136299582287,0.0030566648140613055
862,0.10158546442728793,8.225546729698026e-05,0.999917744532703,0.28962723732187334
863,0.945144079076667,0.0010742096562411441,0.05485592092333293,0.5651402322769772
864,0.2374445314356103,0.7908449499786792,0.42429442534954437,0.3382610432148454
865,4.212624656248928e-17,5.4586351616370185e-08,6.317609354623529e-13,0.9999999454130167
866,0.7939784021676769,0.055404509185749976,0.7170030664392583,0.28299693356074157
867,0.4929755840521168,0.3860745793879646,0.6139254206120354,0.021302071380939997
868,0.0029712466113842157,0.461159771834197,0.117472556522279,0.4183964250321398
869,0.8220496461588311,0.0880735525407265,0.9216278351106556,0.07837216488934436
870,0.053009499090007677,0.1590317574663423,0.06533251109267217,0.7226262323509779
871,0.4957845571320063,0.2462726126618753,0.0097286391705958,0.5042154428679937
872,0.6671009651287173,0.4010328180820399,0.5746478219369413,0.024319359981018817
873,0.4048784155945121,0.11196729098702135,0.595121584405488,0.38303103905285046
874,0.33900811741345466,0.004252182993947336,0.10267730663590216,0.9957478170060526
875,0.22429202346415486,0.25118369770995425,0.7750584024179632,0.0006495741178819231
876,0.000602121675865547,0.9993963575711462,1.5207529882974842e-06,0.0016868023159004601
877,0.00946802547325357,0.3772911381159951,0.1360608458594923,0.4771799905512591
878,0.5859074116134201,0.19587261764813077,0.2182199707384491,0.0186037088584097
879,0.1692640313136446,0.5524686733423363,0.26854611560894376,0.8307359686863554
880,0.15879365703830067,0.9826877233670825,0.01731227663291737,0.007417249206888494
881,0.08926448774236627,0.17574476056855418,0.031214361048998107,0.7037763906400815
882,0.11852955992299444,0.09718374548070642,0.2583383014994448,0.6444779530198488
883,0.5381214123578848,0.09237914705255715,0.43932246060887875,0.022556127033236475
884,0.027604706740550506,0.9723081097989197,6.906976273006784e-06,8.02764842567655e-05
885,0.010723507324054462,1.039953555464514e-05,2.219232391263824e-06,0.9892638739079996
886,0.15140007462008734,0.8323768606424357,0.38598188407078377,0.016223064737476887
887,0.30082618221934054,0.6892296504325941,4.069815856107486e-06,0.009940097532209227
888,0.10695684565663968,0.28715802160925114,0.5182435627050915,0.19459841568565742
889,0.3717168474356273,0.010878652952871673,0.44925910069731195,0.16814539891418917
890,0.08203728437912505,0.00442827083710045,0.02923667725414207,0.9135344447837745
891,7.742191700532289e-05,4.587043245363048e-14,0.9999225726897719,5.393222707640586e-09
892,0.1556380092550568,0.21363887336920548,0.3265307269684513,0.3041923904072865
893,0.4409236387835137,0.3697303130520658,0.10199580370983108,0.5282738832381031
894,0.3977804125589109,0.6004201090167343,2.4680064536271764e-05,0.0017747983598186943
895,0.009768931887144916,0.7289191707939399,0.27108082920606014,0.3079044102514161
896,0.234564826837099,0.746812531599562,0.018622641563338985,0.19828116305097174
897,0.04867434137699792,0.8570091352532324,0.01581711380867386,0.14299086474676764
898,1.4356453958350236e-07,0.09277480681501493,0.5121652413125976,0.3950598083078479
899,0.42693575570396936,0.5730642442960306,0.03492654763916442,6.044747113374466e-05
900,0.9441123635310488,0.1865577972270407,0.17195602133949225,0.05588763646895121
901,0.40160297817561186,0.7949897608090069,2.7569639919645024e-05,0.20498266955107358
902,0.18682392167484677,0.11515230741872662,0.38050534348792864,0.3175184274184979
903,0.05345491102030625,9.714740977838768e-13,8.100180918839994e-20,1.0
904,2.522309971557496e-07,0.11930846648407323,4.5287605197992134e-07,0.8806912812849296
905,0.03448208107033304,0.001482387989812554,0.6205910458626939,0.3434444850771605
906,0.3413575130960955,0.10238586589570435,0.5973309341547396,0.06131155274916491
907,0.27135591495255945,0.3677310084049807,0.07750906676943137,0.2834040098730286
908,0.011948366007193763,0.08607443015351098,0.00020504493155315591,0.9017721589077421
909,0.005514378759860997,0.19583494159422968,0.05917925027156304,0.7394714293743463
910,0.3296072977341554,0.006194219416650084,0.3115439488600685,0.35265453398912605
911,0.4849941856383394,0.5103839463456833,0.010508585091892612,0.00462186801597728
912,0.10843694553988772,0.8078534813389058,0.001147207509274501,0.08256236561193199
913,0.03137487241487081,0.797340090510696,0.15846684808187447,0.01281818899255878
914,0.09384833664912876,0.8925994268101703,0.01355130284828425,9.336924167138485e-07
915,0.1242287911696303,0.007275820900704682,0.7036874444032116,0.17208376442715811
916,0.9982049684471044,4.0848137835077784e-06,0.0003450168986589354,0.001445929840453101
917,0.06166995920513858,0.0004901668710181415,9.290899415066664e-05,0.9377469649296926
918,0.010394669784335463,0.01383072340622176,0.9738100170475975,0.00196458976184519
919,0.03899797676440108,0.765065551128753,0.20790532059944816,0.19593647210684598
920,1.371752906633433e-07,0.006642712827226717,0.9933480531019198,9.096895562787702e-06
921,0.7203613527740137,8.936747887799906e-05,0.003371449314250765,0.2762671979117355
922,0.7334053238240903,0.26659467617590976,0.09471974106376278,0.27679958773948005
923,0.7384550728940137,0.006208210071585089,0.009886767276278146,0.24544994975812306
924,0.9967073090077923,0.001858536650173982,0.0014341543420339244,0.7383750916681541
925,0.3063084689787561,0.511119097947975,0.015702883640516745,0.16686954943275215
926,0.002308572187459623,0.9976619272682926,0.8786677935972432,2.950054424777313e-05
927,0.24333135823359375,0.27479466906663536,0.1774959139625893,0.30437805873718166
928,0.08437567338856991,0.29062874455279647,0.5223261840243221,0.1026693980343115
929,0.1380252643912428,0.3619577023699679,0.3281576553365506,0.17185937790223874
930,0.060828464815323606,1.5026461091835574e-05,0.0011420431672646396,0.9988429303716435
931,0.2520097137744898,0.5722901007664797,0.33301359672995423,0.4277098992335204
932,0.0009311830112242231,0.7735511060883129,0.002522162240060901,0.9974778377599391
933,0.16205839570836836,0.10878204015372873,0.1275727706999808,0.8912179598462713
934,0.3757404158626041,0.3422638467367767,0.1178109548689794,0.16418478253163984
935,0.1351010293675258,0.40463883987810817,0.07017773042742713,0.794721240205047
936,0.002539504447692242,0.10088168402008572,0.8965788115322221,3.4171173395199666e-06
937,0.3664667806197359,0.6252572022604623,0.0006740976458153765,0.007601919473986431
938,0.3330890145792434,0.20438953154703923,0.6669109854207567,0.024955830283785337
939,0.26548475040356545,0.46093955256710034,0.11233053410053326,0.7345152495964345
940,9.378628153110389e-10,0.030452567513588734,0.8190177671350161,0.15052966441353244
941,0.984818015304268,0.526877887883702,0.2393871069966665,0.015181984695731947
942,2.378716274783898e-13,0.9999999999997622,0.953344974817436,1.1297438977649394e-09
943,0.9960040548254688,0.003735290067192274,3.454405681071107e-10,0.0002606551073388712
944,1.1013148906565601e-10,0.9402096849771492,0.14078212343621804,0.8592178764536504
945,0.027725110766371706,0.4510996146644524,0.4914970863817619,0.02967818818741392
946,0.9747702090518727,0.07391880982665688,0.32939523194196246,0.02522979094812738
947,0.29166770290425187,0.656261674611264,0.376957170680251,0.052070622484484075
948,0.7642325330593521,0.031773594885886214,0.006660397298897847,0.1973334747558637
949,0.3432138929940891,0.22563879697138303,0.19769754121054903,0.23344976882397891
950,0.12033426955621215,0.1097300608685969,0.18335157654902054,0.7069183625823825
951,0.08510342769179348,0.15320694713829033,0.161469388220411,0.6002202369495052
952,0.059166513013348104,0.3240041951671582,0.6168292918194936,0.0972698336156908
953,0.5323422483453336,0.2341275630088947,0.23353018864577169,0.05889445659210248
954,0.2797387891431315,0.1655968645714708,0.2282692602257492,0.32639508605964845
955,0.08042930597701207,0.9195706940229879,0.26615035379230123,0.33585579552531647
956,0.7055108461435817,0.14221929728951968,0.1522698565668986,0.00043496303197115155
957,0.08865348939323632,0.3064851743849274,0.6935148256150727,0.5308157688819002
958,0.2436921370857986,0.41289303823165857,0.7563078629142014,0.3103890275962242
959,0.7381840731756718,0.19415086728834788,0.05865129331583534,0.2031646335084929
960,0.03532697554743956,2.7195646064629014e-15,0.9999999999999973,0.9331034805278382
961,0.05738034201344099,0.299929029091406,0.6409653348346286,0.0017252940605243954
962,0.5492477881906531,0.07653442771072541,0.17025585648395444,0.2804963553253924
963,0.17132762511255817,0.06190580297659514,0.4796359180694428,0.28713065384140385
964,0.6924644711622611,5.684431165172862e-11,0.027228944604869444,0.2803065841760253
965,0.06837322561927667,0.8827295034566759,0.26232860527129237,0.04889727092404752
966,0.2791377734511387,0.1913168648872512,0.08656757875985563,0.44297778290175455
967,0.07499451841664806,0.5278202024558352,0.211381293633267,0.1858039854942498
968,0.6062433760088601,0.25138085898885204,0.3937566239911398,0.09459104955880297
969,0.47079145167994807,0.48993728579925666,0.039271262520795235,0.6864239119695286
970,0.226228944443025,0.30753001459162005,0.21055146424908666,0.2556895767162683
971,0.9972102545081601,3.090760422707201e-05,0.524379208757088,0.0027897454918398394
972,0.3370706449641151,0.147499120772435,0.17554276628051674,0.3398874679829331
973,0.9123432210135903,0.05430059233652081,0.003540923444827236,0.029815263205061636
974,0.03357402069200677,0.042086032484994,0.01665908717414805,0.9497668921338451
975,0.363343219943879,0.10512933171366115,0.0356941175443677,0.9643058824556323
976,0.015193769013916543,0.9848062309860836,0.0015888860043454613,0.9805888690117815
977,6.398759816717987e-12,0.40493491685964855,6.225598624620091e-07,0.595064460580489
978,0.03123428793858286,0.9184530259166054,0.050312686144811616,0.9996109897862476
979,0.2569417550337522,0.002844767373434477,0.9971552326265656,0.10286064382005923
980,0.292355968233813,0.4597496166392681,0.229355578506755,0.707644031766187
981,0.11426092911439752,8.770576972484601e-06,0.27722481290702017,0.7227664165160074
982,0.01420535591899887,0.013999223490221903,0.5864671938368814,0.4135328061631186
983,0.0783080985229525,8.001119388023624e-05,0.046987416439700364,0.8746244738434669
984,0.04802682031005981,0.3281969597789585,1.5849839797429643e-05,0.6237603700711843
985,0.06966389442702177,0.048245838247171116,0.8820902673258071,0.06819426829576772
986,0.9999955567389306,4.443261069299461e-06,8.857402561480608e-07,0.7135035860156136
987,0.5071801256964605,0.3969378222844786,0.4928198743035394,0.17418763319296834
988,1.2092259941898402e-05,0.009162145062658068,0.014269083348588441,0.990837854937342
989,0.05698581276868188,0.34658644273370504,0.43546898229589037,0.16095876220172287
990,0.059247989823926483,0.854501308527445,0.08418748133799814,0.0020632203106302894
991,0.009846466522623708,0.23599795658136052,0.6078765593268323,0.15612548409180718
992,0.9984282652922803,4.379851383997737e-06,0.0015673396432356998,1.5213099979930574e-08
993,0.00025816084451363915,0.6927376158893296,0.2271203225773167,0.07988390068884006
994,0.06457967263309461,0.9608291975095242,0.03901174887138861,0.00015905361908713592
995,0.35378194772293364,0.6292609311009604,0.013252584953783408,0.0037045362223225623
996,0.5411968633567479,0.45880313664325206,0.6225445313170779,0.3557927803221881
997,0.3795288053186761,0.2948242386465732,0.2125031285376477,0.11314382749710307
998,0.2211947022732737,0.9635153373444484,0.34807041116476733,0.036484662655551635
999,0.004991729355146041,2.2731862528750382e-11,0.9950082706221222,7.830535381582146e-06
